Nachname,Vorname,mw,Account,Passwort
Cayzer,Sarajane,m,sarajane.cayzer,wlFTzF5hYVI7
Kettlesting,Tiertza,m,tiertza.kettlesting,VzfOhK8zGj2
Waite,Dredi,m,dredi.waite,RsoQtFQkBeHS
Klemenz,Courtney,w,courtney.klemenz,RwI4MIg
Genty,Shandee,m,shandee.genty,2QsFBmu
Giercke,Gradeigh,w,gradeigh.giercke,1DkPuC
MacAvddy,Nissy,m,nissy.macavddy,fgxhmSLp0
Bover,Althea,m,althea.bover,ls28ELd8AxUO
Daveren,Grantham,w,grantham.daveren,1l3CJtk9uub
St. Ledger,Aurilia,m,aurilia.st. ledger,Ndr9hifTt3gf
Covotti,Amandy,w,amandy.covotti,7wf60zx97
Climson,Maurise,w,maurise.climson,2Yt5Mq
Quidenham,Myrilla,w,myrilla.quidenham,8CRSy0BXsGxQ
Maxfield,Wilow,w,wilow.maxfield,9AZ2n5
McGovern,Flor,w,flor.mcgovern,xuzsJ6jP6kSA
Hamp,Lynnet,w,lynnet.hamp,mzK5zx440oPC
Fassan,Danita,w,danita.fassan,MCt1SFYa7JZF
Schermick,Ramsey,w,ramsey.schermick,rX3bdnW
Ruos,Collie,w,collie.ruos,ASN8df
Bootton,Hadrian,m,hadrian.bootton,n6Fhvfb
Hyne,Cherilyn,w,cherilyn.hyne,NOjnQOGhMF
Cargon,Estel,w,estel.cargon,iplUubxVR1
Ovenden,Kip,m,kip.ovenden,Tyak0FxH
Breawood,Lily,m,lily.breawood,l8ynFr7qVEm
Sandey,Dev,m,dev.sandey,nNHT61
